fichier,credit,licence,source
energie/fils-electriques-technicien.jpg,Unsplash,Unsplash License,unsplash.com
energie/panneaux-solaires-toit.jpg,Unsplash,Unsplash License,unsplash.com
eau-environnement/charbon-paniers-marche.jpg,Unsplash,Unsplash License,unsplash.com
eau-environnement/pompe-a-eau-enfant.jpg,Unsplash,Unsplash License,unsplash.com
climat/ouragan-satellite.jpg,NASA / Unsplash,Unsplash License,unsplash.com
argent/billets-100-dollars-a.jpg,Unsplash,Unsplash License,unsplash.com
argent/billets-100-dollars-b.jpg,Unsplash,Unsplash License,unsplash.com
personnes/wilson-isidor.jpg,Анна Нэсси,CC BY-SA 3.0,Wikimedia Commons
personnes/flavio-bolsonaro.jpg,Senado Federal,CC BY 2.0,Wikimedia Commons
personnes/lula.jpg,Ricardo Stuckert,CC BY-SA 4.0,Wikimedia Commons
politique/congres-bresil.jpg,Thiago Melo,CC BY 2.0,Wikimedia Commons
